2024 Toyota Corolla Hybrid LE 4dr Front-Wheel Drive Sedan,$29149,Appraise My Trade InApply for FinancingBook a Test Drive2024 Toyota Corolla Hybrid LE 4dr Front-Wheel Drive SedanHybrid LE CVT, Our Price:$29,149, Price does not include taxes and licensing fees.,N44573
2024 Toyota Corolla Hatchback 5dr,$33094,Appraise My Trade InApply for FinancingBook a Test Drive2024 Toyota Corolla Hatchback 5drCVT, Our Price:$33,094, Price does not include taxes and licensing fees.,N44764
2024 Toyota Corolla Cross Hybrid SE 4dr All-Wheel Drive,$37119,Appraise My Trade InApply for FinancingBook a Test Drive2024 Toyota Corolla Cross Hybrid SE 4dr All-Wheel DriveHybrid SE AWD, Our Price:$37,119, Price does not include taxes and licensing fees.,N45074
2024 Toyota Corolla Cross XLE 4dr All-Wheel Drive,$38079,Appraise My Trade InApply for FinancingBook a Test Drive2024 Toyota Corolla Cross XLE 4dr All-Wheel DriveXLE AWD, Our Price:$38,079, Price does not include taxes and licensing fees.,N44434
2024 Toyota RAV4 XLE 4dr All-Wheel Drive,$39379,Appraise My Trade InApply for FinancingBook a Test Drive2024 Toyota RAV4 XLE 4dr All-Wheel DriveXLE AWD, Our Price:$39,379, Price does not include taxes and licensing fees.,N44393
2024 Toyota Corolla Cross Hybrid XSE 4dr All-Wheel Drive,$39879,Appraise My Trade InApply for FinancingBook a Test Drive2024 Toyota Corolla Cross Hybrid XSE 4dr All-Wheel DriveHybrid XSE AWD, Our Price:$39,879, Price does not include taxes and licensing fees.,N44746
2024 Toyota Venza Limited 4dr All-Wheel Drive,$55034,Appraise My Trade InApply for FinancingBook a Test Drive2024 Toyota Venza Limited 4dr All-Wheel DriveLimited AWD, Our Price:$55,034, Price does not include taxes and licensing fees.,N44745
2024 Toyota Sienna XSE 7-Passenger 4dr All-Wheel Drive Passenger Van,$55119,Appraise My Trade InApply for FinancingBook a Test Drive2024 Toyota Sienna XSE 7-Passenger 4dr All-Wheel Drive Passenger VanXSE 7-Passenger AWD, Our Price:$55,119, Price does not include taxes and licensing fees.,N44684
2024 Toyota Venza Limited 4dr All-Wheel Drive,$55289,Appraise My Trade InApply for FinancingBook a Test Drive2024 Toyota Venza Limited 4dr All-Wheel DriveLimited AWD, Our Price:$55,289, Price does not include taxes and licensing fees.,N45114
2024 Toyota Sienna XSE 7-Passenger 4dr All-Wheel Drive Passenger Van,$60619,Appraise My Trade InApply for FinancingBook a Test Drive2024 Toyota Sienna XSE 7-Passenger 4dr All-Wheel Drive Passenger VanXSE 7-Passenger AWD, Our Price:$60,619, Price does not include taxes and licensing fees.,N44519
2024 Toyota Crown Platinum 4dr Sedan,$66524,Appraise My Trade InApply for FinancingBook a Test Drive2024 Toyota Crown Platinum 4dr SedanPlatinum Auto, Our Price:$66,524, Price does not include taxes and licensing fees.,N44345
2024 Toyota Tundra Hybrid Limited 4dr 4x4 CrewMax 5.5 ft. box,$79104,Appraise My Trade InApply for FinancingBook a Test Drive2024 Toyota Tundra Hybrid Limited 4dr 4x4 CrewMax 5.5 ft. box4x4 Crewmax Limited Hybrid, Our Price:$79,104, Price does not include taxes and licensing fees.,N44768
2023 Toyota Tundra Hybrid Capstone 4dr 4x4 CrewMax 5.5 ft. box,$90434,Appraise My Trade InApply for FinancingBook a Test Drive2023 Toyota Tundra Hybrid Capstone 4dr 4x4 CrewMax 5.5 ft. box4x4 Crewmax Capstone Hybrid, Our Price:$90,434, Price does not include taxes and licensing fees.,N43890