2024 Toyota TUNDRA HYBRID TRD PRO2024 Toyota Corolla LE2025 Toyota Camry Hybrid XLE AWD2024 Toyota Tundra 17942024 Toyota TUNDRA HYBRID LIMITED NIGHTSHADE2024 Toyota Tundra SR,$89,919$27,571$48,011$83,299$76,359$67,287,#24135#24146#24142#24143#24118#24005,10 KM | Automatic
                
            
                








                    10 KM | Automatic
                
            
                








                    10 KM | Automatic
                
            
                








                    10 KM | Automatic
                
            
                








                    10 KM | Automatic
                
            
                








                    Automatic
2024 Toyota TUNDRA HYBRID TRD PRO,$89,919,#24135,10 KM | Automatic
2024 Toyota Corolla LE,$27,571,#24146,10 KM | Automatic
2025 Toyota Camry Hybrid XLE AWD,$48,011,#24142,10 KM | Automatic
2024 Toyota Tundra 1794,$83,299,#24143,10 KM | Automatic
2024 Toyota TUNDRA HYBRID LIMITED NIGHTSHADE,$76,359,#24118,10 KM | Automatic
2024 Toyota Tundra SR,$67,287,#24005,Automatic